                  epoch,         train/box_loss,         train/cls_loss,         train/dfl_loss,   metrics/precision(B),      metrics/recall(B),       metrics/mAP50(B),    metrics/mAP50-95(B),           val/box_loss,           val/cls_loss,           val/dfl_loss,                 lr/pg0,                 lr/pg1,                 lr/pg2
                      1,                 1.9009,                 3.7382,                 1.7626,                0.00463,                0.43651,                0.21711,                0.16867,                 1.2363,                 3.4194,                  1.293,              8.574e-05,              8.574e-05,              8.574e-05
                      2,                 1.4018,                  2.937,                 1.3517,                0.91467,                0.31032,                0.58542,                0.38863,                 1.0538,                 2.7132,                 1.0781,             0.00018485,             0.00018485,             0.00018485
                      3,                 1.1845,                 1.5727,                 1.1229,                0.94841,                0.07098,                0.62377,                0.46691,                 1.0196,                    2.6,                 1.0132,             0.00028297,             0.00028297,             0.00028297
                      4,                 1.0622,                  1.316,                 1.0432,                0.90869,                0.10746,                 0.5434,                0.37722,                 1.1615,                 2.8639,                 1.1689,              0.0003801,              0.0003801,              0.0003801
                      5,                  1.007,                 1.1769,                 1.0148,                0.96096,                0.27028,                0.65848,                0.49829,                 1.0045,                  2.553,                 1.0209,             0.00047624,             0.00047624,             0.00047624
                      6,                 1.0021,                 1.1087,                0.99691,                0.90918,                0.36605,                0.60926,                0.45221,                 1.0286,                 2.4829,                 1.0486,             0.00057139,             0.00057139,             0.00057139
                      7,                 0.9619,                 1.0718,                  0.994,                0.93936,                0.43825,                0.62938,                0.49888,                0.96988,                 2.2106,                 1.0325,             0.00066555,             0.00066555,             0.00066555
                      8,                0.95722,                 1.0195,                0.98451,                0.94484,                0.58153,                0.82305,                0.64986,                0.89657,                 1.8131,                0.91673,             0.00075872,             0.00075872,             0.00075872
                      9,                0.93257,                 1.0003,                0.98272,                0.93359,                0.54928,                0.71796,                0.55004,                0.94703,                 1.8605,                0.98339,              0.0008509,              0.0008509,              0.0008509
                     10,                0.95223,                0.97618,                 1.0013,                0.96064,                 0.4326,                0.72213,                0.56594,                 0.9157,                 1.9291,                0.94555,             0.00094208,             0.00094208,             0.00094208
                     11,                0.98806,                0.96812,                  1.007,                0.92409,                0.51401,                0.71982,                0.50917,                 1.0943,                  2.009,                 1.0314,              0.0010323,              0.0010323,              0.0010323
                     12,                0.92426,                0.91017,                0.99433,                0.89338,                0.56352,                0.71642,                0.53009,                 1.1854,                 1.7911,                0.98466,              0.0011215,              0.0011215,              0.0011215
                     13,                0.92273,                0.89834,                0.97042,                0.78865,                0.57937,                 0.6533,                0.39577,                 1.5053,                  1.579,                 1.1719,              0.0012097,              0.0012097,              0.0012097
                     14,                0.93867,                0.90824,                0.99834,                0.76716,                 0.8456,                0.82207,                0.54681,                 1.4039,                 1.2582,                 1.1028,              0.0012969,              0.0012969,              0.0012969
                     15,                0.93999,                 0.8331,                0.98561,                0.56037,                0.68759,                0.67662,                0.38552,                 1.8274,                 1.2628,                 1.2211,                0.00133,                0.00133,                0.00133
                     16,                 0.9005,                0.80618,                0.98163,                0.73743,                 0.9228,                 0.7952,                0.53597,                 1.2943,                  1.115,                 1.0615,                0.00133,                0.00133,                0.00133
                     17,                0.87677,                 0.7688,                0.97042,                0.74392,                0.66434,                0.75852,                0.54968,                 1.0667,                 1.1853,                  0.997,              0.0013229,              0.0013229,              0.0013229
                     18,                 0.8793,                0.76858,                0.96746,                0.62464,                0.77172,                0.70576,                0.54267,                0.94604,                 1.1224,                0.98543,              0.0013158,              0.0013158,              0.0013158
                     19,                 1.0337,                0.81219,                 1.0151,                0.86933,                0.51082,                0.63186,                0.43591,                 1.1071,                 1.2406,                 1.0051,              0.0013087,              0.0013087,              0.0013087
                     20,                0.94547,                0.78724,                 0.9832,                0.82604,                0.57512,                0.69493,                0.50112,                0.94975,                 1.1272,                0.92822,              0.0013017,              0.0013017,              0.0013017
                     21,                0.90149,                 0.7496,                0.95766,                 0.6252,                0.76458,                0.73258,                0.47357,                 1.1875,                 1.2406,                 1.1431,              0.0012946,              0.0012946,              0.0012946
                     22,                0.88686,                0.71987,                0.97891,                0.91682,                0.74747,                0.78697,                 0.5945,                 0.9656,                0.87925,                0.93447,              0.0012875,              0.0012875,              0.0012875
                     23,                0.82143,                0.68174,                0.93991,                0.79773,                0.75469,                0.83765,                0.65433,                0.86409,                 1.2192,                0.96658,              0.0012805,              0.0012805,              0.0012805
                     24,                0.83511,                0.65892,                0.95281,                0.72771,                0.80104,                  0.919,                0.73369,                0.85465,                 1.1346,                0.93866,              0.0012734,              0.0012734,              0.0012734
                     25,                0.84827,                0.65635,                0.96045,                0.93324,                0.77247,                 0.9026,                0.73869,                0.84849,                0.96463,                 0.9414,              0.0012663,              0.0012663,              0.0012663
                     26,                0.86157,                0.66128,                0.97037,                0.91231,                0.81836,                0.95578,                0.75186,                0.79318,                0.77699,                0.88051,              0.0012592,              0.0012592,              0.0012592
                     27,                0.83153,                0.63727,                 0.9448,                0.94958,                0.90548,                0.94091,                0.71802,                0.91414,                0.74895,                0.90714,              0.0012522,              0.0012522,              0.0012522
                     28,                0.86184,                0.66024,                0.96495,                0.93222,                 0.9218,                0.95073,                0.76091,                0.76693,                0.69075,                0.85591,              0.0012451,              0.0012451,              0.0012451
                     29,                0.79408,                 0.6199,                 0.9595,                0.87093,                0.86206,                0.87779,                0.71411,                 0.8339,                0.77358,                 0.9074,               0.001238,               0.001238,               0.001238
                     30,                0.79353,                0.60756,                0.95235,                0.91688,                  0.875,                0.94402,                0.75254,                0.77662,                0.69132,                0.95963,              0.0012309,              0.0012309,              0.0012309
                     31,                 0.7855,                0.60544,                0.94458,                0.92563,                0.97502,                0.97528,                0.74293,                 1.0162,                 0.6702,                0.94957,              0.0012239,              0.0012239,              0.0012239
                     32,                0.80442,                0.61226,                0.94897,                0.80883,                0.93701,                0.89214,                0.69998,                0.80858,                0.73818,                0.86011,              0.0012168,              0.0012168,              0.0012168
                     33,                0.73882,                0.57222,                0.93071,                0.92276,                0.96104,                0.97037,                0.78346,                0.72936,                0.70558,                0.87041,              0.0012097,              0.0012097,              0.0012097
                     34,                0.76056,                0.56088,                0.94061,                0.89897,                0.97563,                0.96813,                 0.7771,                0.72791,                0.60786,                0.86026,              0.0012026,              0.0012026,              0.0012026
                     35,                0.79046,                0.56246,                0.93743,                0.93509,                0.94805,                0.96718,                0.76363,                0.79358,                0.60327,                0.87726,              0.0011956,              0.0011956,              0.0011956
                     36,                0.79055,                0.59237,                0.94746,                0.94434,                0.97925,                0.97376,                0.78857,                0.82733,                0.56914,                0.87322,              0.0011885,              0.0011885,              0.0011885
                     37,                0.75254,                0.55889,                0.93517,                0.91945,                0.93648,                0.96375,                0.77006,                0.91885,                 0.6997,                0.90881,              0.0011814,              0.0011814,              0.0011814
                     38,                0.77479,                0.55671,                0.94048,                0.77265,                0.91618,                0.82864,                0.69508,                0.73459,                0.71342,                0.88505,              0.0011744,              0.0011744,              0.0011744
                     39,                0.73161,                0.52824,                0.92406,                0.95003,                0.93506,                0.96449,                0.81869,                0.75877,                0.60018,                 0.8873,              0.0011673,              0.0011673,              0.0011673
                     40,                0.73081,                0.52999,                0.93329,                0.94219,                0.93006,                 0.9645,                0.70429,                 1.2175,                0.66713,                0.98124,              0.0011602,              0.0011602,              0.0011602
                     41,                0.74743,                0.53428,                0.93303,                0.94781,                0.94127,                0.95995,                0.66301,                 1.3082,                0.65194,                 0.9753,              0.0011531,              0.0011531,              0.0011531
                     42,                0.74718,                0.53009,                0.93567,                0.89013,                0.98435,                0.96168,                0.67546,                 1.2026,                0.69863,                0.94237,              0.0011461,              0.0011461,              0.0011461
                     43,                0.70927,                0.50358,                0.91576,                0.93113,                0.99625,                0.97322,                0.78832,                0.71589,                0.50722,                0.86893,               0.001139,               0.001139,               0.001139
                     44,                0.72699,                0.52002,                0.92161,                0.87956,                0.91648,                0.97547,                0.79625,                 0.7038,                0.53764,                0.85205,              0.0011319,              0.0011319,              0.0011319
                     45,                0.73541,                0.50755,                0.92592,                0.93454,                0.95828,                0.97593,                0.78773,                0.74296,                0.55235,                 0.8864,              0.0011248,              0.0011248,              0.0011248
                     46,                0.68526,                 0.5214,                0.91359,                 0.9457,                0.98007,                 0.9708,                0.77226,                 0.7802,                 0.6165,                0.89982,              0.0011178,              0.0011178,              0.0011178
                     47,                0.75627,                0.54234,                0.92668,                0.92348,                0.88603,                0.96716,                0.75877,                0.89375,                0.68666,                0.91961,              0.0011107,              0.0011107,              0.0011107
                     48,                0.72592,                0.51362,                0.92948,                0.83981,                0.90874,                0.91295,                 0.6717,                 1.0809,                0.77393,                 1.0649,              0.0011036,              0.0011036,              0.0011036
                     49,                0.73768,                0.51719,                0.93258,                0.85104,                0.95523,                0.95094,                0.74207,                0.91587,                0.64494,                0.92138,              0.0010965,              0.0010965,              0.0010965
                     50,                0.83427,                0.54542,                0.93884,                0.90331,                0.93084,                0.97184,                0.80668,                 0.7177,                0.55434,                0.88205,              0.0010895,              0.0010895,              0.0010895
                     51,                0.71627,                0.50981,                 0.9277,                0.95367,                 0.9629,                0.97314,                0.82628,                 0.7111,                 0.5404,                0.85465,              0.0010824,              0.0010824,              0.0010824
                     52,                0.72674,                0.50309,                0.92061,                 0.9378,                0.80959,                0.91479,                0.79529,                0.66182,                0.55945,                0.85841,              0.0010753,              0.0010753,              0.0010753
                     53,                0.70234,                0.49458,                0.92012,                0.94609,                 0.9439,                0.97877,                0.81401,                0.72475,                0.52588,                0.85352,              0.0010682,              0.0010682,              0.0010682
                     54,                0.67264,                0.47678,                0.91427,                0.93951,                0.93037,                0.95001,                0.78051,                0.70001,                0.51031,                0.85376,              0.0010612,              0.0010612,              0.0010612
                     55,                0.66587,                0.49563,                0.90858,                0.89861,                0.92521,                0.96261,                0.78726,                0.66957,                0.53774,                0.83778,              0.0010541,              0.0010541,              0.0010541
                     56,                0.74717,                0.51442,                0.92637,                0.94573,                0.98268,                0.97468,                0.81715,                0.65691,                0.47672,                0.83916,               0.001047,               0.001047,               0.001047
                     57,                0.68439,                 0.4775,                0.91561,                0.94442,                0.98488,                0.97013,                0.81889,                0.77291,                0.50476,                0.86274,                0.00104,                0.00104,                0.00104
                     58,                0.71141,                0.49521,                0.92437,                0.94421,                0.96974,                0.96985,                0.81462,                0.67412,                0.50155,                0.84421,              0.0010329,              0.0010329,              0.0010329
                     59,                0.68607,                0.48916,                0.91588,                0.80807,                0.93527,                0.95932,                0.81245,                0.63532,                0.55836,                0.84416,              0.0010258,              0.0010258,              0.0010258
                     60,                 0.6648,                0.46812,                0.91307,                0.88195,                0.99564,                0.96769,                0.81625,                0.66205,                0.51195,                0.87223,              0.0010187,              0.0010187,              0.0010187
                     61,                0.71242,                0.48498,                0.91334,                0.92566,                0.98887,                0.97827,                0.83083,                0.67463,                 0.4808,                0.86951,              0.0010117,              0.0010117,              0.0010117
                     62,                0.66484,                0.47357,                0.90321,                0.95099,                0.96756,                0.97896,                0.83631,                0.67272,                0.49195,                0.86672,              0.0010046,              0.0010046,              0.0010046
                     63,                 0.6491,                0.45382,                0.89751,                0.92391,                0.97634,                0.97738,                0.82568,                0.65508,                0.47131,                0.85768,             0.00099751,             0.00099751,             0.00099751
                     64,                0.69571,                0.45526,                 0.9091,                0.92922,                0.92356,                0.96743,                0.78861,                0.81477,                0.50887,                0.85574,             0.00099044,             0.00099044,             0.00099044
                     65,                0.71164,                0.47415,                0.91562,                0.83264,                0.92772,                0.94526,                0.79624,                0.66701,                0.56073,                0.84462,             0.00098337,             0.00098337,             0.00098337
                     66,                0.70635,                0.47999,                0.92441,                0.78492,                 0.8945,                0.91813,                0.75503,                0.70614,                0.58746,                0.86668,             0.00097629,             0.00097629,             0.00097629
                     67,                0.66437,                   0.45,                0.91036,                0.93407,                0.96117,                0.96813,                 0.8039,                0.65484,                0.53294,                0.86005,             0.00096922,             0.00096922,             0.00096922
                     68,                0.65912,                 0.4501,                0.91451,                0.92534,                0.95242,                 0.9718,                0.83562,                 0.6604,                0.51659,                0.86066,             0.00096215,             0.00096215,             0.00096215
                     69,                 0.6756,                0.45074,                 0.9077,                0.94895,                0.92938,                0.96004,                0.83394,                0.64302,                0.49534,                0.86246,             0.00095507,             0.00095507,             0.00095507
                     70,                0.70615,                0.46762,                0.92287,                0.95079,                0.93801,                0.97726,                0.83961,                0.64814,                0.50049,                0.86925,               0.000948,               0.000948,               0.000948
                     71,                0.71574,                0.47403,                0.91784,                0.92025,                0.97709,                 0.9702,                0.82109,                0.65548,                0.47685,                0.86107,             0.00094093,             0.00094093,             0.00094093
                     72,                0.69279,                0.45372,                0.91964,                0.95045,                 0.9697,                0.96828,                0.81935,                0.68157,                0.48763,                0.85283,             0.00093385,             0.00093385,             0.00093385
                     73,                0.64953,                 0.4396,                0.91138,                0.91149,                0.91769,                0.95088,                0.80695,                0.64867,                0.50574,                0.84337,             0.00092678,             0.00092678,             0.00092678
                     74,                0.63643,                0.43321,                0.90326,                0.92843,                0.91616,                0.95923,                0.83146,                0.60908,                0.52293,                0.83463,              0.0009197,              0.0009197,              0.0009197
                     75,                0.62287,                0.42785,                0.90678,                0.95597,                0.98268,                0.96957,                0.82844,                0.63565,                0.46259,                0.84887,             0.00091263,             0.00091263,             0.00091263
                     76,                 0.6466,                0.44693,                0.91462,                0.92911,                0.97832,                0.97159,                0.81413,                0.62336,                0.45783,                0.84047,             0.00090556,             0.00090556,             0.00090556
                     77,                0.64002,                0.44018,                0.89421,                 0.9558,                0.95124,                0.96713,                0.84039,                0.62064,                0.46067,                0.84188,             0.00089848,             0.00089848,             0.00089848
                     78,                0.65445,                0.44288,                0.90271,                0.90935,                0.92415,                0.96568,                0.81444,                0.68692,                0.49479,                0.87674,             0.00089141,             0.00089141,             0.00089141
                     79,                0.61906,                0.42942,                0.90018,                0.92345,                0.93794,                0.97569,                0.81786,                0.70441,                0.49701,                0.88172,             0.00088434,             0.00088434,             0.00088434
                     80,                0.66045,                0.44229,                0.90502,                0.92431,                0.95997,                0.98106,                0.81448,                0.69351,                0.46405,                0.86126,             0.00087726,             0.00087726,             0.00087726
                     81,                0.65261,                0.45643,                 0.9037,                0.90828,                0.99048,                0.97316,                0.79551,                0.76972,                0.49082,                0.85964,             0.00087019,             0.00087019,             0.00087019
                     82,                0.67866,                0.45663,                0.90692,                 0.9338,                0.97127,                0.97745,                0.82323,                 0.6735,                0.45099,                0.85922,             0.00086312,             0.00086312,             0.00086312
                     83,                 0.6043,                0.41752,                0.88548,                0.95411,                0.99268,                0.97833,                0.82313,                0.67994,                0.43188,                0.83158,             0.00085604,             0.00085604,             0.00085604
                     84,                0.60566,                  0.417,                0.89322,                0.96086,                0.99267,                0.98206,                0.82233,                0.73209,                0.44625,                0.82868,             0.00084897,             0.00084897,             0.00084897
                     85,                0.59967,                 0.4049,                0.88635,                 0.9594,                0.98382,                0.97662,                0.83285,                0.67836,                0.43078,                0.82717,              0.0008419,              0.0008419,              0.0008419
                     86,                0.60418,                0.39865,                0.89204,                0.93078,                0.98488,                0.98406,                0.84432,                0.65478,                0.41267,                0.82523,             0.00083482,             0.00083482,             0.00083482
                     87,                 0.5922,                0.39632,                0.88537,                0.95349,                0.97864,                0.98029,                0.82777,                0.59683,                0.42486,                 0.8487,             0.00082775,             0.00082775,             0.00082775
                     88,                0.58517,                0.41326,                0.89329,                0.91517,                0.97494,                0.97827,                 0.8305,                0.67702,                0.46074,                0.83748,             0.00082067,             0.00082067,             0.00082067
                     89,                 0.6096,                0.40775,                0.88745,                0.94603,                0.92713,                0.94174,                0.82767,                0.61425,                0.46192,                0.84756,              0.0008136,              0.0008136,              0.0008136
                     90,                0.60716,                0.40632,                0.88679,                0.93086,                0.93952,                0.93179,                 0.7821,                0.69508,                0.49545,                0.85575,             0.00080653,             0.00080653,             0.00080653
                     91,                0.64779,                0.41262,                 0.9004,                0.94094,                0.90831,                0.93141,                0.81256,                0.65955,                0.49974,                0.85429,             0.00079945,             0.00079945,             0.00079945
                     92,                0.61112,                0.41089,                  0.897,                0.94542,                0.92862,                0.94407,                0.81594,                0.62401,                0.46001,                0.82873,             0.00079238,             0.00079238,             0.00079238
                     93,                0.58747,                0.39376,                0.89387,                0.92055,                0.98231,                0.97874,                0.84609,                0.61843,                0.44863,                0.83551,             0.00078531,             0.00078531,             0.00078531
                     94,                0.61388,                0.41728,                0.89904,                 0.9541,                0.93628,                0.95951,                0.81069,                0.66631,                0.45448,                0.84678,             0.00077823,             0.00077823,             0.00077823
                     95,                0.57218,                0.39661,                 0.8879,                0.94721,                0.93788,                0.96882,                0.80346,                0.65647,                0.48582,                0.85777,             0.00077116,             0.00077116,             0.00077116
                     96,                0.58778,                0.39549,                0.88677,                 0.9405,                0.99363,                 0.9741,                0.81557,                 0.6102,                0.44078,                0.85753,             0.00076409,             0.00076409,             0.00076409
                     97,                0.59025,                0.39579,                0.89655,                0.91077,                      1,                0.96906,                0.81528,                0.64796,                0.45499,                0.83467,             0.00075701,             0.00075701,             0.00075701
                     98,                0.58747,                0.38615,                0.88249,                0.89079,                0.99134,                0.96975,                0.79602,                0.67664,                0.46559,                0.85803,             0.00074994,             0.00074994,             0.00074994
                     99,                0.58316,                0.40082,                0.88723,                0.93484,                  0.991,                 0.9759,                0.84415,                0.61783,                0.44974,                 0.8561,             0.00074287,             0.00074287,             0.00074287
                    100,                0.60114,                0.40434,                0.90024,                0.80777,                0.91109,                0.95488,                0.83645,                0.61737,                0.55365,                0.85868,             0.00073579,             0.00073579,             0.00073579
                    101,                0.61327,                0.40284,                0.89285,                0.90116,                0.93155,                0.97428,                0.81104,                0.61981,                0.45379,                0.83479,             0.00072872,             0.00072872,             0.00072872
                    102,                 0.5622,                0.39173,                0.88234,                0.90656,                0.90453,                0.95466,                 0.8168,                0.62325,                  0.445,                0.82619,             0.00072164,             0.00072164,             0.00072164
                    103,                0.58737,                0.38469,                0.88834,                0.94211,                 0.9778,                0.97166,                0.77437,                0.81812,                0.48633,                0.85118,             0.00071457,             0.00071457,             0.00071457
                    104,                0.57301,                0.38244,                0.88215,                0.95142,                0.99567,                0.97221,                0.80192,                0.76487,                0.45355,                0.85631,              0.0007075,              0.0007075,              0.0007075
                    105,                0.53244,                0.36377,                0.87906,                0.95923,                0.97992,                0.98154,                 0.8328,                0.66753,                0.41179,                0.82699,             0.00070042,             0.00070042,             0.00070042
                    106,                0.57585,                0.37967,                0.88339,                0.95045,                0.99567,                0.98075,                0.84482,                0.66788,                0.42131,                0.83322,             0.00069335,             0.00069335,             0.00069335
                    107,                0.55878,                0.37349,                0.88035,                 0.9431,                0.99106,                0.98239,                0.82973,                0.65606,                0.43027,                0.86135,             0.00068628,             0.00068628,             0.00068628
                    108,                 0.5606,                0.38112,                0.88123,                0.95523,                0.95878,                0.98243,                0.84686,                0.68184,                0.46504,                0.82596,              0.0006792,              0.0006792,              0.0006792
                    109,                0.58963,                0.38849,                0.88889,                0.94442,                0.97403,                0.98113,                0.83274,                0.62564,                0.44321,                0.83039,             0.00067213,             0.00067213,             0.00067213
                    110,                0.53532,                0.37784,                0.87694,                0.95208,                0.97013,                0.98229,                0.83757,                0.62182,                  0.426,                0.82856,             0.00066506,             0.00066506,             0.00066506
                    111,                0.55219,                0.37461,                0.88225,                0.94198,                0.97328,                0.98033,                0.86552,                0.62962,                0.43006,                 0.8391,             0.00065798,             0.00065798,             0.00065798
                    112,                0.54731,                0.37164,                0.88243,                0.92602,                0.96813,                0.97706,                0.86184,                0.62063,                0.42082,                0.83876,             0.00065091,             0.00065091,             0.00065091
                    113,                0.53383,                0.36585,                0.87721,                0.95204,                0.99134,                0.97674,                0.85066,                 0.6395,                 0.4248,                0.84994,             0.00064384,             0.00064384,             0.00064384
                    114,                0.57227,                0.37702,                0.88487,                0.95109,                0.98645,                 0.9799,                 0.8363,                0.66421,                0.43506,                0.85081,             0.00063676,             0.00063676,             0.00063676
                    115,                0.54193,                0.37619,                0.87906,                0.96054,                0.98521,                0.98291,                0.83871,                0.62205,                0.42585,                0.83944,             0.00062969,             0.00062969,             0.00062969
                    116,                0.54132,                0.36641,                0.88461,                 0.9573,                 0.9878,                0.97327,                0.82779,                0.70277,                0.43861,                0.84255,             0.00062262,             0.00062262,             0.00062262
                    117,                 0.5654,                0.37751,                0.87918,                0.93001,                0.99182,                0.97383,                0.81893,                0.64768,                0.41832,                0.84644,             0.00061554,             0.00061554,             0.00061554
                    118,                 0.5456,                0.36746,                0.88424,                0.95157,                0.98617,                0.97119,                  0.843,                0.61864,                0.41571,                 0.8251,             0.00060847,             0.00060847,             0.00060847
                    119,                  0.548,                0.36274,                 0.8738,                0.95886,                0.97426,                0.97586,                 0.8278,                0.62938,                0.42722,                0.82821,             0.00060139,             0.00060139,             0.00060139
                    120,                0.53425,                0.36712,                0.87556,                0.94227,                 0.9867,                0.97535,                0.84536,                0.61627,                 0.4183,                0.83164,             0.00059432,             0.00059432,             0.00059432
                    121,                0.51892,                 0.3579,                0.87923,                0.95341,                0.98279,                 0.9809,                 0.8513,                0.59473,                0.39781,                0.81777,             0.00058725,             0.00058725,             0.00058725
                    122,                0.52338,                0.35663,                0.87217,                0.95562,                0.98404,                0.97465,                0.82792,                0.63641,                0.40551,                0.81864,             0.00058017,             0.00058017,             0.00058017
                    123,                0.51794,                0.35488,                0.87452,                0.95802,                 0.9877,                0.97356,                0.82933,                 0.6528,                0.40825,                0.82985,              0.0005731,              0.0005731,              0.0005731
                    124,                0.58614,                0.37544,                0.87607,                0.94794,                0.99171,                0.97003,                 0.8482,                0.58157,                0.40803,                0.82568,             0.00056603,             0.00056603,             0.00056603
                    125,                0.52422,                0.35582,                0.87461,                0.95315,                  0.976,                0.96652,                0.82037,                0.63669,                0.40998,                0.82934,             0.00055895,             0.00055895,             0.00055895
                    126,                 0.5247,                0.35096,                0.87135,                0.94617,                0.92427,                 0.9629,                0.83122,                0.59234,                0.40221,                0.82481,             0.00055188,             0.00055188,             0.00055188
                    127,                0.52627,                0.35754,                  0.872,                0.95014,                0.97407,                0.97631,                0.80277,                0.64808,                0.41888,                0.84864,             0.00054481,             0.00054481,             0.00054481
                    128,                0.51913,                0.34497,                0.87322,                0.94789,                0.92124,                0.94484,                0.81888,                0.59545,                0.42062,                0.82978,             0.00053773,             0.00053773,             0.00053773
                    129,                 0.5041,                0.34616,                0.86926,                0.94489,                 0.9951,                0.97665,                 0.8444,                0.59584,                0.39539,                0.83248,             0.00053066,             0.00053066,             0.00053066
                    130,                0.52202,                0.34839,                0.87091,                0.95659,                0.97675,                0.97795,                0.83841,                0.60652,                 0.3955,                0.83038,             0.00052359,             0.00052359,             0.00052359
                    131,                0.51873,                0.34271,                0.88129,                0.95041,                0.99808,                0.97642,                0.85061,                0.59795,                0.39638,                0.84358,             0.00051651,             0.00051651,             0.00051651
                    132,                0.50342,                0.33645,                0.86873,                0.94904,                0.99063,                0.97305,                  0.864,                0.58698,                0.39707,                0.83254,             0.00050944,             0.00050944,             0.00050944
                    133,                0.49106,                0.32781,                0.86653,                0.95298,                0.98885,                0.97469,                0.85902,                0.57716,                0.40262,                0.82942,             0.00050236,             0.00050236,             0.00050236
                    134,                0.50128,                0.33658,                0.87399,                0.95553,                0.98105,                0.97685,                0.85425,                0.57963,                0.39329,                0.82411,             0.00049529,             0.00049529,             0.00049529
                    135,                0.49487,                0.33494,                0.86653,                0.95773,                 0.9742,                 0.9786,                0.84221,                0.57544,                0.38786,                0.82541,             0.00048822,             0.00048822,             0.00048822
                    136,                0.48447,                0.32961,                0.86683,                0.96094,                0.98626,                0.97868,                0.86666,                 0.5815,                0.38277,                0.83582,             0.00048114,             0.00048114,             0.00048114
                    137,                0.47769,                 0.3275,                0.86146,                0.95879,                0.98019,                0.97651,                0.86286,                0.59601,                0.38106,                 0.8395,             0.00047407,             0.00047407,             0.00047407
                    138,                0.51942,                0.34452,                0.87626,                0.94481,                0.99036,                 0.9697,                0.85509,                0.59359,                0.38797,                0.83098,               0.000467,               0.000467,               0.000467
                    139,                0.47253,                0.32421,                0.86138,                0.93365,                0.98887,                0.97225,                0.84393,                0.61829,                0.41009,                 0.8389,             0.00045992,             0.00045992,             0.00045992
                    140,                 0.4805,                0.32217,                 0.8676,                0.94513,                0.98656,                0.96912,                0.83812,                0.68644,                0.42469,                0.84595,             0.00045285,             0.00045285,             0.00045285
                    141,                0.50073,                 0.3387,                0.87276,                0.95681,                0.98141,                0.96319,                0.85664,                0.63337,                0.41276,                0.83595,             0.00044578,             0.00044578,             0.00044578
                    142,                0.49779,                 0.3307,                0.87083,                0.96291,                0.97403,                0.96738,                 0.8496,                0.56962,                0.39405,                0.82207,              0.0004387,              0.0004387,              0.0004387
                    143,                0.47917,                0.31962,                0.86366,                 0.9588,                0.98183,                0.96738,                0.86702,                0.58484,                0.39872,                0.80832,             0.00043163,             0.00043163,             0.00043163
                    144,                0.47336,                0.31929,                0.86648,                0.95823,                0.98194,                0.97051,                0.84141,                0.60365,                0.39546,                0.81823,             0.00042456,             0.00042456,             0.00042456
                    145,                0.47305,                0.31879,                0.86673,                0.95046,                0.98829,                0.97768,                 0.8583,                0.65889,                 0.4174,                0.82427,             0.00041748,             0.00041748,             0.00041748
                    146,                0.45649,                0.31899,                0.86352,                0.95349,                0.99567,                0.97742,                0.86955,                0.58571,                0.38768,                0.82918,             0.00041041,             0.00041041,             0.00041041
                    147,                0.47431,                0.32622,                0.86734,                0.95269,                0.98112,                0.98073,                0.85359,                0.65581,                0.39789,                0.82879,             0.00040334,             0.00040334,             0.00040334
                    148,                0.46711,                0.32902,                0.86567,                0.95945,                0.98384,                0.97793,                0.86608,                0.59637,                0.38624,                0.83222,             0.00039626,             0.00039626,             0.00039626
                    149,                0.47683,                0.31852,                0.87307,                0.94873,                0.99877,                0.97004,                0.85021,                0.64416,                0.39929,                 0.8256,             0.00038919,             0.00038919,             0.00038919
                    150,                0.47802,                0.32034,                0.87091,                0.95512,                0.97782,                0.97969,                0.86247,                0.65788,                 0.4151,                0.82611,             0.00038211,             0.00038211,             0.00038211
                    151,                0.46817,                0.32414,                0.86607,                0.95342,                0.98268,                0.97913,                0.86731,                0.59321,                0.38988,                0.83213,             0.00037504,             0.00037504,             0.00037504
                    152,                0.47524,                0.32527,                 0.8606,                 0.9521,                0.98931,                0.98012,                0.88247,                0.57814,                0.37694,                0.82402,             0.00036797,             0.00036797,             0.00036797
                    153,                0.47097,                0.32203,                0.86839,                0.95819,                0.97489,                0.98171,                0.88037,                0.60012,                0.37803,                0.82617,             0.00036089,             0.00036089,             0.00036089
                    154,                0.46461,                0.31387,                0.86367,                0.95996,                0.98701,                0.98253,                0.86564,                0.57697,                0.36921,                0.83452,             0.00035382,             0.00035382,             0.00035382
                    155,                0.46394,                0.31511,                 0.8648,                0.95409,                0.98712,                0.98021,                0.86168,                0.57983,                0.37124,                0.83233,             0.00034675,             0.00034675,             0.00034675
                    156,                0.44063,                0.30315,                0.86192,                0.95967,                0.98156,                0.98132,                0.86904,                 0.5686,                0.38302,                0.82416,             0.00033967,             0.00033967,             0.00033967
                    157,                 0.4377,                0.30242,                0.86184,                0.95895,                0.97927,                0.98002,                 0.8757,                0.60686,                0.38547,                0.83273,              0.0003326,              0.0003326,              0.0003326
                    158,                0.46534,                0.30548,                0.86183,                0.95997,                0.98004,                0.97718,                0.87075,                0.57611,                0.38345,                 0.8341,             0.00032553,             0.00032553,             0.00032553
                    159,                0.45742,                 0.3059,                0.86571,                0.96208,                0.97914,                0.97316,                0.86065,                0.58097,                0.38373,                0.83916,             0.00031845,             0.00031845,             0.00031845
                    160,                0.43035,                0.29412,                0.85283,                0.95911,                0.97981,                0.97359,                0.86698,                0.57404,                0.38131,                0.83171,             0.00031138,             0.00031138,             0.00031138
                    161,                0.42724,                0.29567,                0.85428,                0.95631,                0.98695,                0.97661,                0.86352,                 0.5648,                0.38509,                0.82599,             0.00030431,             0.00030431,             0.00030431
                    162,                0.44523,                0.30302,                0.86097,                 0.9542,                0.98313,                  0.982,                0.87077,                 0.5733,                0.36936,                0.82199,             0.00029723,             0.00029723,             0.00029723
                    163,                0.43997,                0.30439,                 0.8627,                0.95082,                0.97763,                0.98165,                0.86619,                0.57423,                0.38598,                0.81884,             0.00029016,             0.00029016,             0.00029016
                    164,                 0.4509,                0.30143,                0.86163,                0.94607,                0.97978,                0.97853,                0.85435,                0.61053,                0.38884,                0.82944,             0.00028308,             0.00028308,             0.00028308
                    165,                0.46359,                0.30422,                0.85795,                0.95705,                0.98123,                0.97319,                 0.8751,                0.59327,                0.38166,                0.82261,             0.00027601,             0.00027601,             0.00027601
                    166,                0.43271,                0.29707,                0.85445,                0.95949,                 0.9789,                0.97409,                0.87493,                0.58725,                0.37559,                 0.8208,             0.00026894,             0.00026894,             0.00026894
                    167,                0.41281,                0.28657,                0.84806,                0.95244,                0.98078,                0.97694,                0.87696,                0.59211,                0.37252,                0.82084,             0.00026186,             0.00026186,             0.00026186
                    168,                0.45746,                0.30812,                0.85558,                0.95248,                0.97959,                0.97195,                 0.8595,                0.60974,                0.37654,                0.81875,             0.00025479,             0.00025479,             0.00025479
                    169,                0.45971,                0.30152,                0.85609,                 0.9538,                0.95752,                0.97399,                0.86976,                0.58395,                0.37756,                0.81834,             0.00024772,             0.00024772,             0.00024772
                    170,                0.44477,                0.29709,                0.85557,                0.94661,                0.97885,                0.97423,                0.85215,                0.65245,                0.39101,                0.82078,             0.00024064,             0.00024064,             0.00024064
                    171,                0.43384,                0.29371,                0.84898,                0.95886,                0.98209,                0.97628,                0.86436,                0.57474,                0.36998,                  0.812,             0.00023357,             0.00023357,             0.00023357
                    172,                0.42163,                0.28706,                0.85307,                0.96185,                0.98566,                0.97384,                0.86138,                 0.5696,                 0.3708,                0.81185,              0.0002265,              0.0002265,              0.0002265
                    173,                0.42242,                0.29349,                0.85438,                0.95787,                0.98015,                0.97612,                 0.8683,                0.57543,                0.37286,                 0.8158,             0.00021942,             0.00021942,             0.00021942
                    174,                 0.4428,                  0.291,                 0.8517,                0.95739,                0.97552,                0.97632,                0.87148,                0.57112,                0.37713,                0.81281,             0.00021235,             0.00021235,             0.00021235
                    175,                  0.449,                0.30264,                0.86084,                0.95218,                0.97464,                0.97596,                0.87276,                0.56944,                0.36944,                0.81266,             0.00020528,             0.00020528,             0.00020528
                    176,                0.41653,                0.28204,                 0.8487,                0.94949,                0.98078,                0.97517,                0.87377,                0.58098,                 0.3675,                0.81355,              0.0001982,              0.0001982,              0.0001982
                    177,                0.40983,                0.28568,                 0.8464,                0.94558,                0.96666,                0.97352,                0.86958,                0.56374,                 0.3719,                0.80881,             0.00019113,             0.00019113,             0.00019113
                    178,                 0.3968,                0.28284,                0.84932,                0.93922,                0.95733,                0.97427,                0.87509,                0.57504,                0.38896,                0.80206,             0.00018406,             0.00018406,             0.00018406
                    179,                0.40894,                0.28678,                0.85934,                 0.9531,                0.97351,                0.97322,                0.87286,                0.57108,                0.37359,                0.81146,             0.00017698,             0.00017698,             0.00017698
                    180,                0.42405,                0.29374,                 0.8613,                0.95883,                0.97451,                0.97342,                 0.8768,                0.57752,                0.37254,                0.81793,             0.00016991,             0.00016991,             0.00016991
                    181,                0.42956,                0.29117,                0.85299,                0.95854,                0.97476,                0.97133,                0.87251,                0.57832,                0.37119,                0.81681,             0.00016283,             0.00016283,             0.00016283
                    182,                0.40095,                0.28874,                0.84909,                0.95507,                0.98134,                0.97298,                0.86919,                0.60398,                 0.3744,                0.81896,             0.00015576,             0.00015576,             0.00015576
                    183,                0.41297,                0.28599,                0.85437,                0.95278,                0.98167,                0.97748,                0.87348,                0.60287,                0.36973,                0.81652,             0.00014869,             0.00014869,             0.00014869
                    184,                0.43429,                0.28914,                0.85179,                0.94572,                 0.9834,                0.97929,                0.87186,                0.57107,                0.36613,                0.81638,             0.00014161,             0.00014161,             0.00014161
                    185,                0.43007,                0.28435,                0.85635,                0.95585,                0.97611,                0.97685,                0.88078,                0.57066,                0.37037,                0.82095,             0.00013454,             0.00013454,             0.00013454
                    186,                0.41198,                0.28009,                0.85336,                0.95249,                0.98464,                0.97664,                0.87014,                 0.5732,                0.36577,                0.81753,             0.00012747,             0.00012747,             0.00012747
                    187,                0.39728,                0.27434,                0.84556,                0.95107,                0.98382,                0.97576,                0.87631,                0.58195,                0.37196,                0.82243,             0.00012039,             0.00012039,             0.00012039
                    188,                0.40069,                0.28135,                0.86203,                0.95585,                0.98038,                0.97468,                0.87335,                0.58511,                0.37132,                0.81918,             0.00011332,             0.00011332,             0.00011332
                    189,                0.39167,                0.27083,                0.84722,                0.95047,                0.98678,                0.97498,                0.87089,                 0.5864,                0.36454,                0.82002,             0.00010625,             0.00010625,             0.00010625
                    190,                0.37572,                0.27041,                0.84673,                0.95025,                0.98933,                0.97472,                0.87151,                0.58667,                0.36537,                0.82067,             9.9173e-05,             9.9173e-05,             9.9173e-05
                    191,                 0.3294,                 0.2315,                 0.8078,                0.95423,                0.98479,                0.97199,                0.86923,                0.61491,                0.38353,                0.82351,             9.2099e-05,             9.2099e-05,             9.2099e-05
                    192,                0.31547,                0.22351,                0.80315,                0.95805,                0.98313,                0.97128,                0.86557,                0.59407,                 0.3722,                0.81929,             8.5026e-05,             8.5026e-05,             8.5026e-05
                    193,                0.31994,                0.22186,                0.80931,                0.96081,                0.98599,                0.97285,                0.87138,                0.58107,                0.37088,                0.81672,             7.7952e-05,             7.7952e-05,             7.7952e-05
                    194,                0.31535,                 0.2173,                0.81097,                0.96003,                0.98397,                0.97274,                0.87435,                0.58777,                0.36665,                0.82017,             7.0878e-05,             7.0878e-05,             7.0878e-05
                    195,                0.33193,                 0.2184,                0.80727,                0.95696,                0.98392,                0.97484,                0.87381,                 0.5893,                0.36761,                0.82236,             6.3805e-05,             6.3805e-05,             6.3805e-05
                    196,                0.29727,                0.20729,                0.79927,                  0.954,                0.98024,                 0.9753,                0.87029,                0.58949,                0.37016,                0.82247,             5.6731e-05,             5.6731e-05,             5.6731e-05
                    197,                 0.2963,                0.21423,                0.79982,                0.95278,                0.97904,                0.97542,                 0.8741,                0.59179,                0.36761,                0.82402,             4.9658e-05,             4.9658e-05,             4.9658e-05
                    198,                0.30082,                   0.21,                0.80225,                0.95699,                0.97956,                0.97629,                0.87107,                0.58936,                0.37014,                0.82416,             4.2584e-05,             4.2584e-05,             4.2584e-05
                    199,                0.31981,                0.21255,                0.80993,                 0.9592,                0.98082,                0.97651,                0.86733,                0.58267,                 0.3678,                0.82272,             3.5511e-05,             3.5511e-05,             3.5511e-05
                    200,                0.29847,                0.20857,                0.80319,                0.96029,                0.98077,                0.97443,                0.87065,                0.58018,                0.36398,                0.82076,             2.8437e-05,             2.8437e-05,             2.8437e-05
